<?xml version="1.0" encoding="UTF-8" ?>
<!DOCTYPE mapper
        PUBLIC "-//mybatis.org//DTD Mapper 3.0//EN"
        "http://mybatis.org/dtd/mybatis-3-mapper.dtd">
<mapper namespace="com.itcampus.dao.CommentDao">
    <sql id="selectFields">
        id,id_user,type_entity,id_entity,id_target,content,status,time_create
    </sql>
    <sql id="insertFields">
        id_user,type_entity,id_entity,id_target,content,status,time_create
    </sql>
    <insert id="insertComment" useGeneratedKeys="true" keyProperty="id">
        insert into comment(<include refid="insertFields" />)
        values (#{idUser},#{typeEntity},#{idEntity},#{idTarget},#{content},#{status},#{timeCreate})
    </insert>
    <select id="selectCommentListByIdEntityTypeEntity" resultType="com.itcampus.domain.Comment">
        select <include refid="selectFields" />
        from comment where id_entity=#{idEntity} and type_entity=#{typeEntity}
        and status not in ('illegal','deleted')
    </select>
    <select id="selectCommentCountByIdEntityTypeEntity" resultType="java.lang.Integer">
        select count(id)
        from comment where id_entity=#{idEntity} and type_entity=#{typeEntity}
        and status not in ('illegal','deleted')
    </select>
    <select id="selectCommentById" resultType="com.itcampus.domain.Comment">
        select <include refid="selectFields" />
        from comment where id=#{id}
    </select>
    <select id="selectCountByIdUser" resultType="java.lang.Integer">
        select count(id) from comment
        where id_user=#{idUser}
    </select>
    <select id="selectListByIdUser" resultType="com.itcampus.domain.Comment">
        select <include refid="selectFields" />
        from comment where id_user=#{idUser}
        order by id desc
    </select>
    <select id="selectCountBeforeByComment" resultType="java.lang.Integer">
        select count(id) from comment
        where id&lt;=#{id} and id_entity=#{idEntity} and type_entity=#{typeEntity} and status not in ('illegal','deleted')
        order by id
    </select>

    <update id="updateStatusById">
        update comment set status=#{status}
        where id=#{id}
    </update>

    <select id="selectCountBeforeById" resultType="java.lang.Integer">
        select count(id) from comment
        where id_user=#{idUser} and id&gt;=#{id}
        order by id desc
    </select>
</mapper>