<?xml version="1.0" encoding="UTF-8" ?>
<!DOCTYPE mapper
        PUBLIC "-//mybatis.org//DTD Mapper 3.0//EN"
        "http://mybatis.org/dtd/mybatis-3-mapper.dtd">
<mapper namespace="com.itcampus.dao.MessageDao">
    <sql id="selectFields">
        id,id_sender,id_receiver,id_conversation,content,status,time_create
    </sql>
    <sql id="insertFields">
        id_sender,id_receiver,id_conversation,content,status,time_create
    </sql>

    <insert id="insertLetter" useGeneratedKeys="true" keyProperty="id">
        insert into message(<include refid="insertFields" />)
        values (#{idSender},#{idReceiver},#{idConversation},#{content},#{status},#{timeCreate})
    </insert>
    
    <update id="updateStatusByIdList">
        update message set status=#{status}
        where id in 
        <foreach collection="idList" item="id" open="(" separator="," close=")">
            #{id}
        </foreach>
    </update>

    <select id="selectConversationList" resultType="com.itcampus.domain.Message">
        select <include refid="selectFields" />
        from message
        where id in (
        select max(id) from message
        where status != 'deleted'
--         and id_sender != 1
        and (id_sender = #{idUser} or id_receiver = #{idUser})
        group by id_conversation
        )
        order by id desc
    </select>

    <select id="selectConversationCount" resultType="java.lang.Integer">
        select count(conversation.maxId) from (
            select max(id) as maxId from message
            where status != 'deleted'
--             and id_sender != 1
            and (id_sender = #{idUser} or id_receiver = #{idUser})
            group by id_conversation
        ) as conversation
    </select>

    <select id="selectLetterList" resultType="com.itcampus.domain.Message">
        select <include refid="selectFields" />
        from message
        where status != 'deleted'
--         and id_sender != 1
        and id_conversation = #{idConversation}
        order by id desc
    </select>

    <select id="selectLetterCount" resultType="java.lang.Integer">
        select count(id)
        from message
        where status != 'deleted'
--         and id_sender != 1
        and id_conversation = #{idConversation}
    </select>

    <select id="selectLetterUnreadCount" resultType="int">
        select count(id)
        from message
        where status = 'unread'
--         and id_sender != 1
        and id_receiver = #{idReceiver}
        <if test="idConversation != null">
            and id_conversation = #{idConversation}
        </if>
    </select>

    <select id="selectById" resultType="com.itcampus.domain.Message">
        select <include refid="selectFields" />
        from message where id=#{id}
    </select>

    <update id="updateStatusByIdStatus">
        update message set status=#{status}
        where id=#{id}
    </update>
</mapper>