<?xml version="1.0" encoding="UTF-8" ?>
<!DOCTYPE mapper
        PUBLIC "-//mybatis.org//DTD Mapper 3.0//EN"
        "http://mybatis.org/dtd/mybatis-3-mapper.dtd">
<mapper namespace="com.itcampus.dao.NoticeDao">
    <sql id="insertFields">
        id_user,type_event,id_event,id_entity,id_user_target,type_entity,url_entity,content,status,time_create
    </sql>
    <sql id="selectFields">
        id,id_user,type_event,id_event,id_entity,id_user_target,type_entity,url_entity,content,status,time_create
    </sql>
    <insert id="insert" useGeneratedKeys="true" keyProperty="id">
        insert into notice(<include refid="insertFields" />)
        values (#{idUser},#{typeEvent},#{idEvent},#{idEntity},#{idUserTarget},#{typeEntity},#{urlEntity},#{content},#{status},#{timeCreate})
    </insert>
    <update id="updateStatusByIdList">
        update notice set status=#{status}
        where id in
        <foreach collection="idList" item="id" open="(" separator="," close=")">
            #{id}
        </foreach>
    </update>
    <update id="updateStatusById">
        update notice set status=#{status}
        where id=#{id}
    </update>
    <select id="selectUnreadCount" resultType="java.lang.Integer">
        select count(id) from notice
        where id_user_target=#{idUserTarget} and status=#{status}
    </select>
    <select id="selectListByIdUserTarget" resultType="com.itcampus.domain.Notice">
        select <include refid="selectFields" />
        from notice where id_user_target=#{idUserTarget} and status!='deleted'
        order by id desc
    </select>
    <select id="selectListByIdUserTargetTypeEvent" resultType="com.itcampus.domain.Notice">
        select <include refid="selectFields" />
        from notice where id_user_target=#{idUserTarget}
        <choose>
            <when test="typeEvent=='comment'">
                and type_event in ('comment', 'reply')
            </when>
            <otherwise>
                and type_event=#{typeEvent}
            </otherwise>
        </choose>
        and status!='deleted'
        order by id desc
    </select>
    <select id="selectCountByTypeEvent" resultType="java.lang.Integer">
        select count(id) from notice
        where id_user_target=#{idUserTarget}
        <choose>
            <when test="typeEvent=='comment'">
                and type_event in ('comment', 'reply')
            </when>
            <otherwise>
                and type_event=#{typeEvent}
            </otherwise>
        </choose>
        and status!='deleted'
    </select>
    <select id="selectIdListByIdUserTargetTypeEvent" resultType="java.lang.Integer">
        select id
        from notice where id_user_target=#{idUserTarget}
        <choose>
            <when test="typeEvent=='comment'">
                and type_event in ('comment', 'reply')
            </when>
            <otherwise>
                and type_event=#{typeEvent}
            </otherwise>
        </choose>
        and status!='deleted'
    </select>
</mapper>