<?xml version="1.0" encoding="UTF-8" ?>
<!DOCTYPE mapper
        PUBLIC "-//mybatis.org//DTD Mapper 3.0//EN"
        "http://mybatis.org/dtd/mybatis-3-mapper.dtd">
<mapper namespace="com.itcampus.dao.StatementDao">
    <sql id="selectFields">
        id,id_user,title,content,type,status,time_create,count_praise,count_comment,score
    </sql>
    <sql id="insertFields">
        id_user,title,content,type,status,time_create,count_praise,count_comment,score
    </sql>
    <insert id="insertStatement" useGeneratedKeys="true" keyProperty="id">
        insert into statement(<include refid="insertFields" />)
        values (#{idUser},#{title},#{content},#{type},#{status},#{timeCreate},#{countPraise},#{countComment},#{score})
    </insert>
    <update id="updateCountCommentById">
        update statement set count_comment=#{countComment}
        where id=#{id}
    </update>
    <!--    查询最新数据-->
    <select id="selectStatementList" resultType="com.itcampus.domain.Statement">
        select <include refid="selectFields" />
        from statement where status not in ('illegal', 'deleted')
        order by id desc
    </select>
    <select id="selectStatementCount" resultType="java.lang.Integer">
        select count(id) from statement
        where status not in ('illegal', 'deleted')
    </select>
    <select id="selectStatementById" resultType="com.itcampus.domain.Statement">
        select <include refid="selectFields" />
        from statement where id=#{id}
    </select>
    <select id="selectCountByIdUser" resultType="java.lang.Integer">
        select count(id) from statement
        where id_user=#{idUser}
    </select>
    <select id="selectListByIdUser" resultType="com.itcampus.domain.Statement">
        select <include refid="selectFields" />
        from statement where id_user=#{idUser}
        order by id desc
    </select>

    <update id="updateStatusById">
        update statement set status=#{status}
        where id=#{id}
    </update>

    <select id="selectCountBeforeById" resultType="java.lang.Integer">
        select count(id) from statement
        where id_user=#{idUser} and id&gt;=#{id}
        order by id desc
    </select>

    <update id="updateTypeById">
        update statement set type=#{type}
        where id=#{id}
    </update>
</mapper>