<?xml version="1.0" encoding="UTF-8" ?>
<!DOCTYPE mapper
        PUBLIC "-//mybatis.org//DTD Mapper 3.0//EN"
        "http://mybatis.org/dtd/mybatis-3-mapper.dtd">
<mapper namespace="com.itcampus.dao.TicketLoginDao">
    <sql id="insertFields">
        username,ticket,status,expired
    </sql>
    <sql id="selectFields">
        id,username,ticket,status,expired
    </sql>
    <insert id="insertTicketLogin" useGeneratedKeys="true" keyProperty="id">
        insert into ticket_login(<include refid="insertFields" />)
        values (#{username},#{ticket},#{status},#{expired})
    </insert>
    <update id="updateStatusByIdUsername">
        update ticket_login set status=#{status}
        where id!=#{id} and username=#{username}
    </update>
    <update id="updateStatusById">
        update ticket_login set status=#{status}
        where id=#{id}
    </update>
    <select id="selectByUsernameTicketStatus" resultType="com.itcampus.domain.TicketLogin">
        select <include refid="selectFields" />
        from ticket_login where username=#{username} and ticket=#{ticket} and status=#{status}
    </select>
    <select id="selectByUsernameStatus" resultType="com.itcampus.domain.TicketLogin">
        select <include refid="selectFields" />
        from ticket_login where username=#{username} and status=#{status}
    </select>
</mapper>