<?xml version="1.0" encoding="UTF-8" ?>
<!DOCTYPE mapper
        PUBLIC "-//mybatis.org//DTD Mapper 3.0//EN"
        "http://mybatis.org/dtd/mybatis-3-mapper.dtd">
<mapper namespace="com.itcampus.dao.UniversityDao">
    <sql id="selectFields">
        id,college,major,grades,classes
    </sql>
    <select id="selectByUniversity" resultType="com.itcampus.domain.University">
        select <include refid="selectFields" />
        from university where college=#{college} and major=#{major} and grades=#{grades} and classes=#{classes}
    </select>
    <select id="selectCollegeListDistinct" resultType="java.lang.String">
        select distinct college from university
    </select>
    <select id="selectMajorListByCollege" resultType="java.lang.String">
        select distinct major from university
        where college=#{college}
    </select>
    <select id="selectGradesListByCollegeMajor" resultType="java.lang.Integer">
        select distinct grades from university
        where college=#{college} and major=#{major}
    </select>
    <select id="selectClassesListByCollegeMajorGrades" resultType="java.lang.String">
        select distinct classes from university
        where college=#{college} and major=#{major} and grades=#{grades}
    </select>
    <select id="selectMajorListDistinct" resultType="java.lang.String">
        select distinct major from university
    </select>
</mapper>