<?xml version="1.0" encoding="UTF-8" ?>
<!DOCTYPE mapper
        PUBLIC "-//mybatis.org//DTD Mapper 3.0//EN"
        "http://mybatis.org/dtd/mybatis-3-mapper.dtd">
<mapper namespace="com.itcampus.dao.UserDao">
    <sql id="selectFields">
        id,username,email,password,random,url_header,identity,status,code_activate,conditions,time_create,
        college,major,grades,classes,name_true,name_true_use
    </sql>
    <sql id="insertFields">
        username,email,password,random,url_header,identity,status,code_activate,conditions,time_create,
        college,major,grades,classes,name_true,name_true_use
    </sql>
    <sql id="selectFieldsLogined">
        id,username,email,url_header,identity,conditions,time_create,
        college,major,grades,classes,name_true,name_true_use
    </sql>
    <insert id="insertUser" useGeneratedKeys="true" keyProperty="id">
        insert into user(<include refid="insertFields" />)
        values (#{username},#{email},#{password},#{random},#{urlHeader},
        #{identity},#{status},#{codeActivate},#{conditions},#{timeCreate},
        #{college},#{major},#{grades},#{classes},#{nameTrue},#{nameTrueUse})
    </insert>
    <update id="updateStatusById">
        update user set status=#{status} where id=#{id}
    </update>
    <update id="updateUrlHeaderById">
        update user set url_header=#{urlHeader} where id=#{id}
    </update>
    <update id="updatePasswordById">
        update user set password=#{password},random=#{random}
        where id=#{id}
    </update>
    <update id="updateCollegeMajorGradesClassesNameTrueById">
        update user set college=#{college},major=#{major},grades=#{grades},classes=#{classes},
        name_true=#{nameTrue},name_true_use=#{nameTrueUse}
        where id=#{id}
    </update>
    <!--    查询所有数据-->
    <select id="selectUserList" resultType="com.itcampus.domain.User">
        select <include refid="selectFields" />
        from user
        order by id
    </select>
    <select id="selectUserById" resultType="com.itcampus.domain.User">
        select <include refid="selectFields" />
        from user where id=#{id}
    </select>
    <select id="selectUserByUsername" resultType="com.itcampus.domain.User">
        select <include refid="selectFields" />
        from user where username=#{username}
    </select>
    <select id="selectUserByEmail" resultType="com.itcampus.domain.User">
        select <include refid="selectFields" />
        from user where email=#{email}
    </select>
    <select id="selectUserByIdCodeActivate" resultType="com.itcampus.domain.User">
        select <include refid="selectFields" />
        from user where id=#{id} and code_activate=#{codeActivate}
    </select>
    <select id="selectUserLoginedByUsername" resultType="com.itcampus.domain.UserLogined">
        select <include refid="selectFieldsLogined" />
        from user where username=#{username}
    </select>
    <select id="selectUserLoginedById" resultType="com.itcampus.domain.UserLogined">
        select <include refid="selectFieldsLogined" />
        from user where id=#{id}
    </select>
</mapper>